method,seed,budget,n_evals,folds,own_cv,test,pick,wall_total
ags_default,0,22,22,110,0.8734577273903117,0.869917561670014,"{'learning_rate': 0.1, 'max_leaf_nodes': 31, 'max_depth': 8, 'min_samples_leaf': 50, 'l2_regularization': 1.0, 'max_features': 1.0, 'max_iter': 100}",19.563854726000045
ags_no_early_stop,0,25,150,125,0.8762290380267908,0.8718094360034765,"{'learning_rate': 0.1, 'max_leaf_nodes': 31, 'max_depth': None, 'min_samples_leaf': 50, 'l2_regularization': 1.0, 'max_features': 1.0, 'max_iter': 100}",588.4296594699999
ags_no_early_stop,0,50,150,250,0.87917355557805,0.8738420022284876,"{'learning_rate': 0.2, 'max_leaf_nodes': 63, 'max_depth': None, 'min_samples_leaf': 50, 'l2_regularization': 0.1, 'max_features': 1.0, 'max_iter': 200}",588.4296594699999
ags_no_early_stop,0,100,150,500,0.8914105116352307,0.8837374001185754,"{'learning_rate': 0.1, 'max_leaf_nodes': 127, 'max_depth': None, 'min_samples_leaf': 10, 'l2_regularization': 0.1, 'max_features': 1.0, 'max_iter': 200}",588.4296594699999
ags_no_early_stop,0,150,150,750,0.8934844957316868,0.88371698568011,"{'learning_rate': 0.2, 'max_leaf_nodes': 63, 'max_depth': None, 'min_samples_leaf': 5, 'l2_regularization': 0.01, 'max_features': 1.0, 'max_iter': 200}",588.4296594699999
random,0,25,150,125,0.875860129792714,0.8718589788591513,"{'learning_rate': 0.3, 'max_leaf_nodes': 63, 'max_depth': 8, 'min_samples_leaf': 20, 'l2_regularization': 1.0, 'max_features': 1.0, 'max_iter': 50}",155.06820622500027
random,0,50,150,250,0.8815557130163871,0.8762631791769128,"{'learning_rate': 0.2, 'max_leaf_nodes': 63, 'max_depth': 6, 'min_samples_leaf': 2, 'l2_regularization': 0.1, 'max_features': 0.7, 'max_iter': 200}",155.06820622500027
random,0,100,150,500,0.8815557130163871,0.8762631791769128,"{'learning_rate': 0.2, 'max_leaf_nodes': 63, 'max_depth': 6, 'min_samples_leaf': 2, 'l2_regularization': 0.1, 'max_features': 0.7, 'max_iter': 200}",155.06820622500027
random,0,150,150,750,0.8834373699542241,0.8794642367675575,"{'learning_rate': 0.1, 'max_leaf_nodes': 127, 'max_depth': None, 'min_samples_leaf': 10, 'l2_regularization': 0.01, 'max_features': 0.7, 'max_iter': 50}",155.06820622500027
optuna_tpe,0,25,150,125,0.8913475273025835,0.8844910160924687,"{'learning_rate': 0.1, 'max_leaf_nodes': 63, 'max_depth': None, 'min_samples_leaf': 2, 'l2_regularization': 0.01, 'max_features': 0.5, 'max_iter': 200}",838.3154578839994
optuna_tpe,0,50,150,250,0.8935587272665926,0.888466758666645,"{'learning_rate': 0.1, 'max_leaf_nodes': 127, 'max_depth': None, 'min_samples_leaf': 2, 'l2_regularization': 0.01, 'max_features': 0.5, 'max_iter': 200}",838.3154578839994
optuna_tpe,0,100,150,500,0.8935587272665926,0.888466758666645,"{'learning_rate': 0.1, 'max_leaf_nodes': 127, 'max_depth': None, 'min_samples_leaf': 2, 'l2_regularization': 0.01, 'max_features': 0.5, 'max_iter': 200}",838.3154578839994
optuna_tpe,0,150,150,750,0.8935587272665926,0.888466758666645,"{'learning_rate': 0.1, 'max_leaf_nodes': 127, 'max_depth': None, 'min_samples_leaf': 2, 'l2_regularization': 0.01, 'max_features': 0.5, 'max_iter': 200}",838.3154578839994
ags_default,1,23,23,112,0.8800845789609835,0.8774006193225156,"{'learning_rate': 0.3, 'max_leaf_nodes': 63, 'max_depth': 8, 'min_samples_leaf': 5, 'l2_regularization': 1.0, 'max_features': 0.5, 'max_iter': 50}",24.734340773999975
ags_no_early_stop,1,25,150,122,0.881499477005095,0.8792971165648891,"{'learning_rate': 0.3, 'max_leaf_nodes': 63, 'max_depth': 8, 'min_samples_leaf': 5, 'l2_regularization': 1.0, 'max_features': 0.5, 'max_iter': 100}",439.865024014
ags_no_early_stop,1,50,150,247,0.8838186501107849,0.8830098033488188,"{'learning_rate': 0.2, 'max_leaf_nodes': 63, 'max_depth': 8, 'min_samples_leaf': 2, 'l2_regularization': 1.0, 'max_features': 0.5, 'max_iter': 200}",439.865024014
ags_no_early_stop,1,100,150,482,0.8842932820460909,0.8813542292088968,"{'learning_rate': 0.2, 'max_leaf_nodes': 63, 'max_depth': 8, 'min_samples_leaf': 5, 'l2_regularization': 1.0, 'max_features': 0.3, 'max_iter': 200}",439.865024014
ags_no_early_stop,1,150,150,689,0.8850310985142447,0.8795288347602167,"{'learning_rate': 0.1, 'max_leaf_nodes': 63, 'max_depth': 8, 'min_samples_leaf': 5, 'l2_regularization': 1.0, 'max_features': 0.5, 'max_iter': 200}",439.865024014
random,1,25,150,125,0.8858184026723354,0.885569953939463,"{'learning_rate': 0.05, 'max_leaf_nodes': 127, 'max_depth': None, 'min_samples_leaf': 10, 'l2_regularization': 0.0, 'max_features': 0.5, 'max_iter': 200}",180.7778909069998
random,1,50,150,250,0.8858184026723354,0.885569953939463,"{'learning_rate': 0.05, 'max_leaf_nodes': 127, 'max_depth': None, 'min_samples_leaf': 10, 'l2_regularization': 0.0, 'max_features': 0.5, 'max_iter': 200}",180.7778909069998
random,1,100,150,500,0.8858184026723354,0.885569953939463,"{'learning_rate': 0.05, 'max_leaf_nodes': 127, 'max_depth': None, 'min_samples_leaf': 10, 'l2_regularization': 0.0, 'max_features': 0.5, 'max_iter': 200}",180.7778909069998
random,1,150,150,750,0.8858184026723354,0.885569953939463,"{'learning_rate': 0.05, 'max_leaf_nodes': 127, 'max_depth': None, 'min_samples_leaf': 10, 'l2_regularization': 0.0, 'max_features': 0.5, 'max_iter': 200}",180.7778909069998
optuna_tpe,1,25,150,125,0.8873885121076132,0.8857311830015722,"{'learning_rate': 0.05, 'max_leaf_nodes': 127, 'max_depth': None, 'min_samples_leaf': 2, 'l2_regularization': 0.1, 'max_features': 1.0, 'max_iter': 200}",1057.3416412300003
optuna_tpe,1,50,150,250,0.8873885121076132,0.8857311830015722,"{'learning_rate': 0.05, 'max_leaf_nodes': 127, 'max_depth': None, 'min_samples_leaf': 2, 'l2_regularization': 0.1, 'max_features': 1.0, 'max_iter': 200}",1057.3416412300003
optuna_tpe,1,100,150,500,0.8901283305777687,0.8876786140633635,"{'learning_rate': 0.1, 'max_leaf_nodes': 127, 'max_depth': None, 'min_samples_leaf': 2, 'l2_regularization': 0.1, 'max_features': 0.7, 'max_iter': 200}",1057.3416412300003
optuna_tpe,1,150,150,750,0.8902453014812565,0.888863837904613,"{'learning_rate': 0.1, 'max_leaf_nodes': 127, 'max_depth': None, 'min_samples_leaf': 2, 'l2_regularization': 0.0, 'max_features': 0.5, 'max_iter': 200}",1057.3416412300003
ags_default,2,25,25,125,0.8673662426471415,0.861776864541896,"{'learning_rate': 0.05, 'max_leaf_nodes': 8, 'max_depth': None, 'min_samples_leaf': 10, 'l2_regularization': 0.01, 'max_features': 0.5, 'max_iter': 200}",28.68324518899999
ags_no_early_stop,2,25,150,125,0.8673662426471415,0.861776864541896,"{'learning_rate': 0.05, 'max_leaf_nodes': 8, 'max_depth': None, 'min_samples_leaf': 10, 'l2_regularization': 0.01, 'max_features': 0.5, 'max_iter': 200}",455.98575156200013
ags_no_early_stop,2,50,150,250,0.8772390367895986,0.8762012608349938,"{'learning_rate': 0.1, 'max_leaf_nodes': 16, 'max_depth': None, 'min_samples_leaf': 10, 'l2_regularization': 0.01, 'max_features': 0.5, 'max_iter': 200}",455.98575156200013
ags_no_early_stop,2,100,150,500,0.8895929637502672,0.8824246576306389,"{'learning_rate': 0.2, 'max_leaf_nodes': 63, 'max_depth': None, 'min_samples_leaf': 10, 'l2_regularization': 0.1, 'max_features': 0.7, 'max_iter': 200}",455.98575156200013
ags_no_early_stop,2,150,150,750,0.8901170833755103,0.8811029966104669,"{'learning_rate': 0.3, 'max_leaf_nodes': 63, 'max_depth': None, 'min_samples_leaf': 10, 'l2_regularization': 0.1, 'max_features': 0.7, 'max_iter': 200}",455.98575156200013
random,2,25,150,125,0.8879666183036969,0.8822212087278558,"{'learning_rate': 0.05, 'max_leaf_nodes': 127, 'max_depth': None, 'min_samples_leaf': 10, 'l2_regularization': 0.0, 'max_features': 0.7, 'max_iter': 100}",168.33298338999975
random,2,50,150,250,0.8879666183036969,0.8822212087278558,"{'learning_rate': 0.05, 'max_leaf_nodes': 127, 'max_depth': None, 'min_samples_leaf': 10, 'l2_regularization': 0.0, 'max_features': 0.7, 'max_iter': 100}",168.33298338999975
random,2,100,150,500,0.8879666183036969,0.8822212087278558,"{'learning_rate': 0.05, 'max_leaf_nodes': 127, 'max_depth': None, 'min_samples_leaf': 10, 'l2_regularization': 0.0, 'max_features': 0.7, 'max_iter': 100}",168.33298338999975
random,2,150,150,750,0.8879666183036969,0.8822212087278558,"{'learning_rate': 0.05, 'max_leaf_nodes': 127, 'max_depth': None, 'min_samples_leaf': 10, 'l2_regularization': 0.0, 'max_features': 0.7, 'max_iter': 100}",168.33298338999975
optuna_tpe,2,25,150,125,0.8905984636321715,0.8814442327452174,"{'learning_rate': 0.5, 'max_leaf_nodes': 127, 'max_depth': None, 'min_samples_leaf': 2, 'l2_regularization': 1.0, 'max_features': 1.0, 'max_iter': 100}",776.2914195170001
optuna_tpe,2,50,150,250,0.8950501062860614,0.8876786140633635,"{'learning_rate': 0.1, 'max_leaf_nodes': 127, 'max_depth': None, 'min_samples_leaf': 2, 'l2_regularization': 0.1, 'max_features': 0.7, 'max_iter': 200}",776.2914195170001
optuna_tpe,2,100,150,500,0.8954550055673651,0.887577523727796,"{'learning_rate': 0.1, 'max_leaf_nodes': 127, 'max_depth': None, 'min_samples_leaf': 2, 'l2_regularization': 0.01, 'max_features': 1.0, 'max_iter': 200}",776.2914195170001
optuna_tpe,2,150,150,750,0.8954550055673651,0.887577523727796,"{'learning_rate': 0.1, 'max_leaf_nodes': 127, 'max_depth': None, 'min_samples_leaf': 2, 'l2_regularization': 0.01, 'max_features': 1.0, 'max_iter': 200}",776.2914195170001
ags_default,3,17,17,85,0.8822597878777654,0.8766101428094293,"{'learning_rate': 0.3, 'max_leaf_nodes': 127, 'max_depth': 8, 'min_samples_leaf': 10, 'l2_regularization': 0.0, 'max_features': 0.3, 'max_iter': 200}",41.50906165299966
ags_no_early_stop,3,25,150,119,0.8822597878777654,0.8766101428094293,"{'learning_rate': 0.3, 'max_leaf_nodes': 127, 'max_depth': 8, 'min_samples_leaf': 10, 'l2_regularization': 0.0, 'max_features': 0.3, 'max_iter': 200}",275.84802269600004
ags_no_early_stop,3,50,150,215,0.8825529649499687,0.8725365827555516,"{'learning_rate': 0.5, 'max_leaf_nodes': 127, 'max_depth': 6, 'min_samples_leaf': 10, 'l2_regularization': 0.0, 'max_features': 0.3, 'max_iter': 200}",275.84802269600004
ags_no_early_stop,3,100,150,389,0.8825529649499687,0.8725365827555516,"{'learning_rate': 0.5, 'max_leaf_nodes': 127, 'max_depth': 6, 'min_samples_leaf': 10, 'l2_regularization': 0.0, 'max_features': 0.3, 'max_iter': 200}",275.84802269600004
ags_no_early_stop,3,150,150,567,0.8825529649499687,0.8725365827555516,"{'learning_rate': 0.5, 'max_leaf_nodes': 127, 'max_depth': 6, 'min_samples_leaf': 10, 'l2_regularization': 0.0, 'max_features': 0.3, 'max_iter': 200}",275.84802269600004
random,3,25,150,125,0.8821630619383429,0.8784277642254271,"{'learning_rate': 0.3, 'max_leaf_nodes': 127, 'max_depth': 8, 'min_samples_leaf': 2, 'l2_regularization': 0.1, 'max_features': 0.5, 'max_iter': 100}",170.7014544829999
random,3,50,150,250,0.8821630619383429,0.8784277642254271,"{'learning_rate': 0.3, 'max_leaf_nodes': 127, 'max_depth': 8, 'min_samples_leaf': 2, 'l2_regularization': 0.1, 'max_features': 0.5, 'max_iter': 100}",170.7014544829999
random,3,100,150,500,0.8840076031087267,0.8810433488123052,"{'learning_rate': 0.3, 'max_leaf_nodes': 63, 'max_depth': None, 'min_samples_leaf': 2, 'l2_regularization': 0.0, 'max_features': 0.7, 'max_iter': 100}",170.7014544829999
random,3,150,150,750,0.8887246797359156,0.8818767406479371,"{'learning_rate': 0.2, 'max_leaf_nodes': 127, 'max_depth': None, 'min_samples_leaf': 2, 'l2_regularization': 0.01, 'max_features': 0.5, 'max_iter': 50}",170.7014544829999
optuna_tpe,3,25,150,125,0.8893612713837434,0.888863837904613,"{'learning_rate': 0.1, 'max_leaf_nodes': 127, 'max_depth': None, 'min_samples_leaf': 2, 'l2_regularization': 0.0, 'max_features': 0.5, 'max_iter': 200}",832.4199673960002
optuna_tpe,3,50,150,250,0.889802161712274,0.887562795876398,"{'learning_rate': 0.05, 'max_leaf_nodes': 127, 'max_depth': None, 'min_samples_leaf': 2, 'l2_regularization': 0.01, 'max_features': 0.5, 'max_iter': 200}",832.4199673960002
optuna_tpe,3,100,150,500,0.8925262340992679,0.887000232863695,"{'learning_rate': 0.1, 'max_leaf_nodes': 127, 'max_depth': None, 'min_samples_leaf': 2, 'l2_regularization': 0.0, 'max_features': 0.7, 'max_iter': 200}",832.4199673960002
optuna_tpe,3,150,150,750,0.8925262340992679,0.887000232863695,"{'learning_rate': 0.1, 'max_leaf_nodes': 127, 'max_depth': None, 'min_samples_leaf': 2, 'l2_regularization': 0.0, 'max_features': 0.7, 'max_iter': 200}",832.4199673960002
ags_default,4,16,16,80,0.8887696685449494,0.8808927974424594,"{'learning_rate': 0.2, 'max_leaf_nodes': 63, 'max_depth': None, 'min_samples_leaf': 5, 'l2_regularization': 0.1, 'max_features': 0.3, 'max_iter': 100}",31.765275062
ags_no_early_stop,4,25,150,125,0.8919976155931213,0.884609698028317,"{'learning_rate': 0.2, 'max_leaf_nodes': 63, 'max_depth': None, 'min_samples_leaf': 5, 'l2_regularization': 0.1, 'max_features': 0.5, 'max_iter': 100}",633.1315352040001
ags_no_early_stop,4,50,150,228,0.8919976155931213,0.884609698028317,"{'learning_rate': 0.2, 'max_leaf_nodes': 63, 'max_depth': None, 'min_samples_leaf': 5, 'l2_regularization': 0.1, 'max_features': 0.5, 'max_iter': 100}",633.1315352040001
ags_no_early_stop,4,100,150,469,0.8924789958497822,0.8851746338615232,"{'learning_rate': 0.1, 'max_leaf_nodes': 63, 'max_depth': None, 'min_samples_leaf': 5, 'l2_regularization': 0.1, 'max_features': 0.5, 'max_iter': 200}",633.1315352040001
ags_no_early_stop,4,150,150,715,0.8963052940581031,0.8871260332610524,"{'learning_rate': 0.05, 'max_leaf_nodes': 127, 'max_depth': None, 'min_samples_leaf': 2, 'l2_regularization': 0.01, 'max_features': 0.3, 'max_iter': 200}",633.1315352040001
random,4,25,150,125,0.883155065177537,0.8724801259918595,"{'learning_rate': 0.05, 'max_leaf_nodes': 127, 'max_depth': 8, 'min_samples_leaf': 2, 'l2_regularization': 0.0, 'max_features': 1.0, 'max_iter': 100}",198.649650587
random,4,50,150,250,0.883155065177537,0.8724801259918595,"{'learning_rate': 0.05, 'max_leaf_nodes': 127, 'max_depth': 8, 'min_samples_leaf': 2, 'l2_regularization': 0.0, 'max_features': 1.0, 'max_iter': 100}",198.649650587
random,4,100,150,500,0.889615458154784,0.8839961602854978,"{'learning_rate': 0.1, 'max_leaf_nodes': 127, 'max_depth': None, 'min_samples_leaf': 2, 'l2_regularization': 0.1, 'max_features': 0.3, 'max_iter': 50}",198.649650587
random,4,150,150,750,0.8932932932932933,0.887046216488615,"{'learning_rate': 0.05, 'max_leaf_nodes': 127, 'max_depth': None, 'min_samples_leaf': 5, 'l2_regularization': 0.1, 'max_features': 0.5, 'max_iter': 200}",198.649650587
optuna_tpe,4,25,150,125,0.8883467737400321,0.8819581120269108,"{'learning_rate': 0.1, 'max_leaf_nodes': 63, 'max_depth': None, 'min_samples_leaf': 5, 'l2_regularization': 0.0, 'max_features': 0.3, 'max_iter': 100}",711.1680926150002
optuna_tpe,4,50,150,250,0.8963052940581031,0.8871260332610524,"{'learning_rate': 0.05, 'max_leaf_nodes': 127, 'max_depth': None, 'min_samples_leaf': 2, 'l2_regularization': 0.01, 'max_features': 0.3, 'max_iter': 200}",711.1680926150002
optuna_tpe,4,100,150,500,0.8963052940581031,0.8871260332610524,"{'learning_rate': 0.05, 'max_leaf_nodes': 127, 'max_depth': None, 'min_samples_leaf': 2, 'l2_regularization': 0.01, 'max_features': 0.3, 'max_iter': 200}",711.1680926150002
optuna_tpe,4,150,150,750,0.8963052940581031,0.8871260332610524,"{'learning_rate': 0.05, 'max_leaf_nodes': 127, 'max_depth': None, 'min_samples_leaf': 2, 'l2_regularization': 0.01, 'max_features': 0.3, 'max_iter': 200}",711.1680926150002
