task,method,seed,n_evals,folds,wall,own_best,ref_cv,regret,test,hit_optimum
svc_digits,ags_default,0,18,90,1.801661007000007,0.9813333333333333,0.9773333333333334,0.00533333333333319,0.984,False
svc_digits,ags_default,1,13,65,1.265054561999989,0.9719999999999999,0.9720000000000001,0.010666666666666491,0.976,False
svc_digits,ags_default,2,15,75,1.49740362,0.9826666666666666,0.9773333333333334,0.00533333333333319,0.988,False
svc_digits,ags_default,3,13,65,1.2832636750000006,0.9800000000000001,0.9813333333333333,0.0013333333333332975,0.996,False
svc_digits,ags_default,4,14,70,1.4444954749999965,0.984,0.9813333333333333,0.0013333333333332975,0.996,False
svc_digits,ags_default,5,13,65,1.2878149910000047,0.9813333333333333,0.9773333333333334,0.00533333333333319,0.988,False
svc_digits,ags_default,6,17,82,1.65818316900004,0.9813333333333334,0.9813333333333333,0.0013333333333332975,0.996,False
svc_digits,ags_default,7,17,85,1.2997007480000207,0.9786666666666667,0.9773333333333334,0.00533333333333319,0.988,False
svc_digits,ags_default,8,17,85,1.5667327809999847,0.9826666666666666,0.9773333333333334,0.00533333333333319,0.988,False
svc_digits,ags_default,9,13,65,0.9887867819999769,0.9786666666666667,0.9773333333333334,0.00533333333333319,0.988,False
svc_digits,ags_no_early_stop,0,40,183,3.219852075999995,0.9813333333333333,0.9773333333333334,0.00533333333333319,0.984,False
svc_digits,ags_no_early_stop,1,40,197,3.377860877000046,0.9746666666666666,0.9773333333333334,0.00533333333333319,0.988,False
svc_digits,ags_no_early_stop,2,40,188,3.552402519999987,0.9826666666666666,0.9773333333333334,0.00533333333333319,0.988,False
svc_digits,ags_no_early_stop,3,40,178,3.4807461999999987,0.9826666666666666,0.9826666666666666,0.0,0.988,True
svc_digits,ags_no_early_stop,4,40,183,3.491964863000021,0.984,0.9813333333333333,0.0013333333333332975,0.996,False
svc_digits,ags_no_early_stop,5,40,179,3.360711057000003,0.9813333333333333,0.9773333333333334,0.00533333333333319,0.988,False
svc_digits,ags_no_early_stop,6,40,151,3.1125185020000004,0.9813333333333334,0.9813333333333333,0.0013333333333332975,0.996,False
svc_digits,ags_no_early_stop,7,40,176,2.923566672999982,0.9813333333333333,0.9826666666666666,0.0,0.988,True
svc_digits,ags_no_early_stop,8,40,179,3.347286574000009,0.984,0.9826666666666666,0.0,0.988,True
svc_digits,ags_no_early_stop,9,40,159,2.7967017820000137,0.9813333333333333,0.9826666666666666,0.0,0.988,True
svc_digits,ags_no_prune_no_stop,0,40,200,3.6842542819999835,0.9813333333333333,0.9773333333333334,0.00533333333333319,0.984,False
svc_digits,ags_no_prune_no_stop,1,40,200,3.372730187000002,0.9746666666666666,0.9773333333333334,0.00533333333333319,0.988,False
svc_digits,ags_no_prune_no_stop,2,40,200,3.9854128470000205,0.9826666666666666,0.9773333333333334,0.00533333333333319,0.988,False
svc_digits,ags_no_prune_no_stop,3,40,200,4.009314407999966,0.9826666666666666,0.9826666666666666,0.0,0.988,True
svc_digits,ags_no_prune_no_stop,4,40,200,3.9767045019999614,0.984,0.9813333333333333,0.0013333333333332975,0.996,False
svc_digits,ags_no_prune_no_stop,5,40,200,3.5834452929999543,0.9813333333333333,0.9773333333333334,0.00533333333333319,0.988,False
svc_digits,ags_no_prune_no_stop,6,40,200,4.512643561999994,0.9813333333333334,0.9813333333333333,0.0013333333333332975,0.996,False
svc_digits,ags_no_prune_no_stop,7,40,200,3.3734314019999943,0.9813333333333333,0.9826666666666666,0.0,0.988,True
svc_digits,ags_no_prune_no_stop,8,40,200,3.7459776199999624,0.984,0.9826666666666666,0.0,0.988,True
svc_digits,ags_no_prune_no_stop,9,40,200,3.771489724999981,0.9813333333333333,0.9826666666666666,0.0,0.988,True
svc_digits,ags_gp_no_stop,0,40,179,4.5470348270000045,0.9813333333333333,0.9773333333333334,0.00533333333333319,0.984,False
svc_digits,ags_gp_no_stop,1,40,194,4.6596976149999705,0.9746666666666666,0.9773333333333334,0.00533333333333319,0.988,False
svc_digits,ags_gp_no_stop,2,40,194,5.137562991999971,0.9826666666666666,0.9773333333333334,0.00533333333333319,0.988,False
svc_digits,ags_gp_no_stop,3,40,178,5.078859180999984,0.9826666666666666,0.9826666666666666,0.0,0.988,True
svc_digits,ags_gp_no_stop,4,40,178,4.994594844000005,0.984,0.9813333333333333,0.0013333333333332975,0.996,False
svc_digits,ags_gp_no_stop,5,40,178,5.28070832100002,0.9813333333333333,0.9773333333333334,0.00533333333333319,0.988,False
svc_digits,ags_gp_no_stop,6,40,148,4.594972491000021,0.9813333333333334,0.9813333333333333,0.0013333333333332975,0.996,False
svc_digits,ags_gp_no_stop,7,40,177,4.3657710010000415,0.9813333333333333,0.9826666666666666,0.0,0.988,True
svc_digits,ags_gp_no_stop,8,40,174,4.605313951000028,0.984,0.9826666666666666,0.0,0.988,True
svc_digits,ags_gp_no_stop,9,40,152,4.187092036000024,0.9813333333333333,0.9826666666666666,0.0,0.988,True
svc_digits,random,0,40,200,4.330333174999964,0.9813333333333333,0.9826666666666666,0.0,0.988,True
svc_digits,random,1,40,200,4.810055948000013,0.9746666666666666,0.9813333333333333,0.0013333333333332975,0.996,False
svc_digits,random,2,40,200,4.573167005000016,0.9826666666666666,0.9773333333333334,0.00533333333333319,0.988,False
svc_digits,random,3,40,200,4.751835495000023,0.9800000000000001,0.9773333333333334,0.00533333333333319,0.988,False
svc_digits,random,4,40,200,4.351366968000036,0.984,0.9813333333333333,0.0013333333333332975,0.996,False
svc_digits,random,5,40,200,4.798564265000039,0.9813333333333333,0.9773333333333334,0.00533333333333319,0.988,False
svc_digits,random,6,40,200,4.135648411000034,0.9800000000000001,0.9813333333333333,0.0013333333333332975,0.996,False
svc_digits,random,7,40,200,4.342288521,0.9799999999999999,0.9813333333333333,0.0013333333333332975,0.996,False
svc_digits,random,8,40,200,4.839455304000012,0.9826666666666666,0.9773333333333334,0.00533333333333319,0.988,False
svc_digits,random,9,40,200,4.464533101000029,0.9813333333333333,0.9826666666666666,0.0,0.988,True
svc_digits,optuna_tpe,0,40,200,4.688701417999994,0.9813333333333333,0.9773333333333334,0.00533333333333319,0.984,False
svc_digits,optuna_tpe,1,40,200,5.355174204999969,0.9746666666666666,0.9813333333333333,0.0013333333333332975,0.996,False
svc_digits,optuna_tpe,2,40,200,5.895812842999987,0.9826666666666666,0.9773333333333334,0.00533333333333319,0.988,False
svc_digits,optuna_tpe,3,40,200,5.700560325000026,0.9826666666666666,0.9826666666666666,0.0,0.988,True
svc_digits,optuna_tpe,4,40,200,6.50002800499999,0.984,0.9813333333333333,0.0013333333333332975,0.996,False
svc_digits,optuna_tpe,5,40,200,5.878260126999976,0.9813333333333333,0.9826666666666666,0.0,0.988,True
svc_digits,optuna_tpe,6,40,200,6.385625592999986,0.9800000000000001,0.9826666666666666,0.0,0.988,True
svc_digits,optuna_tpe,7,40,200,5.956214787000022,0.9799999999999999,0.9813333333333333,0.0013333333333332975,0.996,False
svc_digits,optuna_tpe,8,40,200,4.6548451150000005,0.9826666666666666,0.9773333333333334,0.00533333333333319,0.988,False
svc_digits,optuna_tpe,9,40,200,4.233896427000047,0.9813333333333333,0.9826666666666666,0.0,0.988,True
svc_digits,grid_search,-1,121,605,13.206382841999755,0.9826666666666666,0.9826666666666666,0.0,0.988,True
tree_cancer,ags_default,0,18,90,0.4704631469999754,0.9554309165526677,0.9413406292749658,0.011709986320109556,0.9230769230769231,False
tree_cancer,ags_default,1,13,65,0.36367097900000545,0.9482900136798905,0.9436935704514363,0.009357045143638998,0.9440559440559441,False
tree_cancer,ags_default,2,13,65,0.31356120399999554,0.9600820793433653,0.9530506155950753,0.0,0.8951048951048951,True
tree_cancer,ags_default,3,13,65,0.35228482200000144,0.9343091655266758,0.948344733242134,0.004705882352941337,0.9300699300699301,False
tree_cancer,ags_default,4,18,90,0.4459204440000235,0.9530779753761971,0.9459644322845417,0.007086183310533567,0.9440559440559441,False
tree_cancer,ags_default,5,13,65,0.3153921130000299,0.9365800273597811,0.9459917920656634,0.007058823529411895,0.916083916083916,False
tree_cancer,ags_default,6,13,63,0.3604035679999811,0.9389329685362517,0.9296580027359781,0.023392612859097217,0.916083916083916,False
tree_cancer,ags_default,7,14,69,0.34364945100003297,0.9389876880984952,0.9389876880984952,0.014062927496580113,0.9440559440559441,False
tree_cancer,ags_default,8,13,65,0.29680575000003273,0.9460191518467853,0.9506976744186046,0.0023529411764706687,0.9440559440559441,False
tree_cancer,ags_default,9,13,63,0.28458410299998604,0.9318467852257182,0.9342818057455542,0.018768809849521118,0.8881118881118881,False
tree_cancer,ags_no_early_stop,0,60,292,1.396339724000029,0.9577564979480165,0.941313269493844,0.011737346101231338,0.9440559440559441,False
tree_cancer,ags_no_early_stop,1,60,274,1.3084977470000467,0.9591655266757866,0.9506703146374829,0.0023803009575924516,0.9230769230769231,False
tree_cancer,ags_no_early_stop,2,60,273,1.3220159610000337,0.9600820793433653,0.9530506155950753,0.0,0.8951048951048951,True
tree_cancer,ags_no_early_stop,3,60,276,1.3472559250000131,0.9389876880984952,0.9506976744186046,0.0023529411764706687,0.9300699300699301,False
tree_cancer,ags_no_early_stop,4,60,272,1.464899240999955,0.9590971272229822,0.9506976744186046,0.0023529411764706687,0.9300699300699301,False
tree_cancer,ags_no_early_stop,5,60,261,1.3727568360000078,0.9365800273597811,0.9459917920656634,0.007058823529411895,0.916083916083916,False
tree_cancer,ags_no_early_stop,6,60,247,1.2124212969999917,0.9412859097127223,0.9413406292749658,0.011709986320109556,0.9230769230769231,False
tree_cancer,ags_no_early_stop,7,60,248,1.1912670090000006,0.9389876880984952,0.9389876880984952,0.014062927496580113,0.9440559440559441,False
tree_cancer,ags_no_early_stop,8,60,292,1.375366401000008,0.9507250341997265,0.9459917920656634,0.007058823529411895,0.9230769230769231,False
tree_cancer,ags_no_early_stop,9,60,249,1.1594291229999953,0.9318467852257182,0.9342818057455542,0.018768809849521118,0.8881118881118881,False
tree_cancer,ags_no_prune_no_stop,0,60,300,1.3681341610000004,0.9577564979480165,0.941313269493844,0.011737346101231338,0.9440559440559441,False
tree_cancer,ags_no_prune_no_stop,1,60,300,1.5224479640000368,0.9577017783857731,0.9459644322845417,0.007086183310533567,0.9440559440559441,False
tree_cancer,ags_no_prune_no_stop,2,60,300,1.457264275,0.9600820793433653,0.9530506155950753,0.0,0.8951048951048951,True
tree_cancer,ags_no_prune_no_stop,3,60,300,1.4069666149999875,0.9389876880984952,0.9506976744186046,0.0023529411764706687,0.9300699300699301,False
tree_cancer,ags_no_prune_no_stop,4,60,300,1.5701772920000394,0.9530779753761971,0.9459644322845417,0.007086183310533567,0.9440559440559441,False
tree_cancer,ags_no_prune_no_stop,5,60,300,1.4939314490000015,0.9365800273597811,0.9459917920656634,0.007058823529411895,0.916083916083916,False
tree_cancer,ags_no_prune_no_stop,6,60,300,1.534382547000007,0.9412859097127223,0.9413406292749658,0.011709986320109556,0.9230769230769231,False
tree_cancer,ags_no_prune_no_stop,7,60,300,1.4334126299999639,0.9389876880984952,0.9389876880984952,0.014062927496580113,0.9440559440559441,False
tree_cancer,ags_no_prune_no_stop,8,60,300,1.5118470649999836,0.9507250341997265,0.9459917920656634,0.007058823529411895,0.9230769230769231,False
tree_cancer,ags_no_prune_no_stop,9,60,300,1.3895328830000153,0.9318467852257182,0.9342818057455542,0.018768809849521118,0.8881118881118881,False
tree_cancer,ags_gp_no_stop,0,60,286,4.057811530000038,0.9577564979480165,0.941313269493844,0.011737346101231338,0.9440559440559441,False
tree_cancer,ags_gp_no_stop,1,60,292,3.558781419000013,0.9591655266757866,0.9506703146374829,0.0023803009575924516,0.9230769230769231,False
tree_cancer,ags_gp_no_stop,2,60,274,3.7265510510000013,0.9600820793433653,0.9530506155950753,0.0,0.8951048951048951,True
tree_cancer,ags_gp_no_stop,3,60,288,4.408962241999973,0.941340629274966,0.9506976744186046,0.0023529411764706687,0.9440559440559441,False
tree_cancer,ags_gp_no_stop,4,60,278,4.173210073000007,0.9530779753761971,0.9459644322845417,0.007086183310533567,0.9440559440559441,False
tree_cancer,ags_gp_no_stop,5,60,253,3.7489955470000496,0.9365800273597811,0.9459917920656634,0.007058823529411895,0.916083916083916,False
tree_cancer,ags_gp_no_stop,6,60,259,3.1529131249999978,0.9412859097127223,0.9413406292749658,0.011709986320109556,0.9230769230769231,False
tree_cancer,ags_gp_no_stop,7,60,255,3.1729459800000086,0.9415184678522572,0.9436388508891929,0.009411764705882453,0.9230769230769231,False
tree_cancer,ags_gp_no_stop,8,60,274,3.61228689699999,0.9507250341997265,0.9459917920656634,0.007058823529411895,0.9230769230769231,False
tree_cancer,ags_gp_no_stop,9,60,255,3.029340837999996,0.9318467852257182,0.9342818057455542,0.018768809849521118,0.8881118881118881,False
tree_cancer,random,0,60,300,1.4188090239999838,0.9554309165526677,0.9459917920656634,0.007058823529411895,0.9230769230769231,False
tree_cancer,random,1,60,300,1.3556043439999712,0.9577017783857731,0.948344733242134,0.004705882352941337,0.9300699300699301,False
tree_cancer,random,2,60,300,1.4506200889999832,0.9577017783857731,0.9436114911080711,0.009439124487004236,0.9230769230769231,False
tree_cancer,random,3,60,300,1.3147840400000064,0.941340629274966,0.9506976744186046,0.0023529411764706687,0.9440559440559441,False
tree_cancer,random,4,60,300,1.391810473000021,0.9530779753761971,0.9483173734610123,0.004733242134063009,0.9440559440559441,False
tree_cancer,random,5,60,300,1.3848236239999778,0.9342270861833105,0.9460191518467852,0.007031463748290112,0.9230769230769231,False
tree_cancer,random,6,60,300,1.4162518800000043,0.9412859097127223,0.9460191518467852,0.007031463748290112,0.9230769230769231,False
tree_cancer,random,7,60,300,1.4107428420000474,0.9366621067031463,0.9436935704514363,0.009357045143638998,0.9440559440559441,False
tree_cancer,random,8,60,300,1.4124195879999775,0.948372093023256,0.9530506155950752,1.1102230246251565e-16,0.9230769230769231,True
tree_cancer,random,9,60,300,1.4213636640000118,0.9366073871409029,0.9483720930232558,0.0046785225718195544,0.9020979020979021,False
tree_cancer,optuna_tpe,0,60,300,1.69876505000002,0.9577564979480165,0.9459644322845417,0.007086183310533567,0.9440559440559441,False
tree_cancer,optuna_tpe,1,60,300,1.6253499110000007,0.9577017783857731,0.9459644322845417,0.007086183310533567,0.9440559440559441,False
tree_cancer,optuna_tpe,2,60,300,1.6017116769999689,0.9460465116279069,0.9389876880984952,0.014062927496580113,0.9300699300699301,False
tree_cancer,optuna_tpe,3,60,300,1.8006531829999517,0.941340629274966,0.9506976744186046,0.0023529411764706687,0.9440559440559441,False
tree_cancer,optuna_tpe,4,60,300,1.8692269189999706,0.9530779753761971,0.9483173734610123,0.004733242134063009,0.9440559440559441,False
tree_cancer,optuna_tpe,5,60,300,1.7967103329999645,0.9365800273597811,0.9459917920656634,0.007058823529411895,0.916083916083916,False
tree_cancer,optuna_tpe,6,60,300,1.6892603139999665,0.9389329685362519,0.9131600547195623,0.039890560875513015,0.8881118881118881,False
tree_cancer,optuna_tpe,7,60,300,1.768589205000012,0.9389876880984952,0.9506976744186048,0.0023529411764705577,0.916083916083916,False
tree_cancer,optuna_tpe,8,60,300,1.6686713199999872,0.9530232558139536,0.9436935704514365,0.009357045143638776,0.9230769230769231,False
tree_cancer,optuna_tpe,9,60,300,1.6337497850000204,0.9318467852257182,0.9342818057455542,0.018768809849521118,0.8881118881118881,False
tree_cancer,grid_search,-1,1200,6000,36.36359279399852,0.9530506155950753,0.9530506155950753,0.0,0.8951048951048951,True
hgb_synth,ags_default,0,29,145,9.25607247900001,0.9617414664981038,0.9518647281921618,0.007095448798988491,0.9671179883945842,False
hgb_synth,ags_default,1,16,80,8.341699844000004,0.9557680151706702,0.9579487989886222,0.0010113780025281516,0.9690806690180906,False
hgb_synth,ags_default,2,17,85,6.689482435000002,0.9535714285714285,0.952117572692794,0.0068426042983563695,0.9638752986687905,False
hgb_synth,ags_default,3,29,142,15.517142390000004,0.9582174462705435,0.9534608091024019,0.0054993678887483854,0.967573102742064,False
hgb_synth,ags_default,4,13,63,5.500461065999957,0.9585967130214919,0.9503476611883691,0.008612515802781218,0.9696495619524406,False
hgb_synth,ags_default,5,13,65,7.057924866999997,0.9578855878634638,0.9555309734513273,0.0034292035398230114,0.9725224712709069,False
hgb_synth,ags_default,6,18,83,7.052805637999995,0.9575063211125159,0.9467762326169407,0.012183944374209665,0.9598361588349072,False
hgb_synth,ags_default,7,17,82,5.704775708,0.9590391908975979,0.9551991150442477,0.003761061946902622,0.9703037888269427,False
hgb_synth,ags_default,8,13,65,6.807676310999966,0.9581542351453856,0.9555309734513273,0.0034292035398230114,0.9725224712709069,False
hgb_synth,ags_default,9,25,122,14.180036158000007,0.961156763590392,0.9541877370417193,0.0047724399494309955,0.9679144385026739,False
hgb_synth,ags_no_early_stop,0,40,196,13.18204816299999,0.9617414664981038,0.9518647281921618,0.007095448798988491,0.9671179883945842,False
hgb_synth,ags_no_early_stop,1,40,178,19.873532935000014,0.9557680151706702,0.9579487989886222,0.0010113780025281516,0.9690806690180906,False
hgb_synth,ags_no_early_stop,2,40,199,20.80404691199999,0.9579329962073324,0.9574589127686473,0.0015012642225030737,0.9677722152690864,False
hgb_synth,ags_no_early_stop,3,40,189,20.87653581799998,0.9587547408343868,0.9541561314791405,0.004804045512009858,0.9690522243713732,False
hgb_synth,ags_no_early_stop,4,40,176,15.480425359000037,0.959323640960809,0.952117572692794,0.0068426042983563695,0.9638752986687905,False
hgb_synth,ags_no_early_stop,5,40,158,21.06421821799995,0.9649441635061103,0.9527338811630848,0.006226295828065553,0.9672033223347366,False
hgb_synth,ags_no_early_stop,6,40,169,11.168948377999982,0.9575063211125159,0.9467762326169407,0.012183944374209665,0.9598361588349072,False
hgb_synth,ags_no_early_stop,7,40,183,20.334511921,0.9600505689001263,0.9549304677623262,0.004029709228824174,0.9690522243713734,False
hgb_synth,ags_no_early_stop,8,40,184,23.639725081999984,0.9588653603034134,0.9534608091024019,0.0054993678887483854,0.9688531118443509,False
hgb_synth,ags_no_early_stop,9,40,170,18.149303817999964,0.961156763590392,0.9541877370417193,0.0047724399494309955,0.9679144385026739,False
hgb_synth,ags_no_prune_no_stop,0,40,200,13.231240705000005,0.9617414664981038,0.9518647281921618,0.007095448798988491,0.9671179883945842,False
hgb_synth,ags_no_prune_no_stop,1,40,200,21.172290748000023,0.9557680151706702,0.9579487989886222,0.0010113780025281516,0.9690806690180906,False
hgb_synth,ags_no_prune_no_stop,2,40,200,21.03273865700004,0.9579329962073324,0.9574589127686473,0.0015012642225030737,0.9677722152690864,False
hgb_synth,ags_no_prune_no_stop,3,40,200,21.524414571000023,0.9582174462705435,0.9534608091024019,0.0054993678887483854,0.967573102742064,False
hgb_synth,ags_no_prune_no_stop,4,40,200,17.89725834799998,0.959323640960809,0.952117572692794,0.0068426042983563695,0.9638752986687905,False
hgb_synth,ags_no_prune_no_stop,5,40,200,25.55009439899999,0.9607774968394438,0.9574589127686473,0.0015012642225030737,0.9677722152690864,False
hgb_synth,ags_no_prune_no_stop,6,40,200,13.114691335999964,0.9575063211125159,0.9467762326169407,0.012183944374209665,0.9598361588349072,False
hgb_synth,ags_no_prune_no_stop,7,40,200,21.65165636499995,0.9600505689001263,0.9549304677623262,0.004029709228824174,0.9690522243713734,False
hgb_synth,ags_no_prune_no_stop,8,40,200,25.706948564000072,0.9588653603034134,0.9534608091024019,0.0054993678887483854,0.9688531118443509,False
hgb_synth,ags_no_prune_no_stop,9,40,200,20.761426313000015,0.961156763590392,0.9541877370417193,0.0047724399494309955,0.9679144385026739,False
hgb_synth,ags_gp_no_stop,0,40,196,26.849921572000028,0.961599241466498,0.9555309734513273,0.0034292035398230114,0.9691944476049607,False
hgb_synth,ags_gp_no_stop,1,40,170,17.235053891999996,0.9573061525495153,0.9484671302149177,0.01049304677623264,0.9632210717942883,False
hgb_synth,ags_gp_no_stop,2,40,199,26.505153899999982,0.95673198482933,0.9555309734513273,0.0034292035398230114,0.9725224712709069,False
hgb_synth,ags_gp_no_stop,3,40,178,22.63729401699993,0.9594263590391909,0.9541877370417193,0.0047724399494309955,0.9679144385026739,False
hgb_synth,ags_gp_no_stop,4,40,183,17.835231109999995,0.959323640960809,0.952117572692794,0.0068426042983563695,0.9638752986687905,False
hgb_synth,ags_gp_no_stop,5,40,162,18.527509819999977,0.9649178255372945,0.951153603034134,0.007806573957016338,0.9573614745704858,False
hgb_synth,ags_gp_no_stop,6,40,166,13.709751335999954,0.9584860935524653,0.9525600505689003,0.006400126422250074,0.9646433041301626,False
hgb_synth,ags_gp_no_stop,7,40,188,22.99462238000001,0.9600505689001263,0.9549304677623262,0.004029709228824174,0.9690522243713734,False
hgb_synth,ags_gp_no_stop,8,40,184,25.536819987000058,0.9605562579013907,0.9589601769911503,0.0,0.9698771191261805,True
hgb_synth,ags_gp_no_stop,9,40,179,23.04622852700004,0.961156763590392,0.9541877370417193,0.0047724399494309955,0.9679144385026739,False
hgb_synth,random,0,40,200,15.008343373999992,0.9599557522123894,0.9556573957016437,0.0033027812895066733,0.9701331209466378,False
hgb_synth,random,1,40,200,16.533623131000013,0.9545353982300885,0.9564949431099874,0.0024652338811629315,0.9713846854022073,False
hgb_synth,random,2,40,200,15.588736148000066,0.9579329962073324,0.9574589127686473,0.0015012642225030737,0.9677722152690864,False
hgb_synth,random,3,40,200,16.58621899700006,0.957790771175727,0.9527338811630848,0.006226295828065553,0.9672033223347366,False
hgb_synth,random,4,40,200,15.133911818000001,0.9581700379266753,0.9525600505689003,0.006400126422250074,0.9646433041301626,False
hgb_synth,random,5,40,200,15.348007062999955,0.9584386852085967,0.9560682680151708,0.0028919089759795735,0.9678859938559563,False
hgb_synth,random,6,40,200,19.045184897000013,0.9585335018963337,0.955673198482933,0.003286978508217353,0.9730913642052567,False
hgb_synth,random,7,40,200,18.136640682000007,0.9600505689001263,0.9549304677623262,0.004029709228824174,0.9690522243713734,False
hgb_synth,random,8,40,200,16.12855588000002,0.9581542351453856,0.9555309734513273,0.0034292035398230114,0.9725224712709069,False
hgb_synth,random,9,40,200,17.99158875799992,0.961156763590392,0.9541877370417193,0.0047724399494309955,0.9679144385026739,False
hgb_synth,optuna_tpe,0,40,200,25.940276195000024,0.961599241466498,0.9555309734513273,0.0034292035398230114,0.9691944476049607,False
hgb_synth,optuna_tpe,1,40,200,23.08179915000005,0.9557680151706702,0.9579487989886222,0.0010113780025281516,0.9690806690180906,False
hgb_synth,optuna_tpe,2,40,200,20.1745158519999,0.9574589127686473,0.9515960809102403,0.007364096080910043,0.962737512800091,False
hgb_synth,optuna_tpe,3,40,200,24.49276621299998,0.9582174462705435,0.9534608091024019,0.0054993678887483854,0.967573102742064,False
hgb_synth,optuna_tpe,4,40,200,19.880024106000064,0.9593868520859671,0.955673198482933,0.003286978508217353,0.9732051427921266,False
hgb_synth,optuna_tpe,5,40,200,24.314422597999965,0.9607774968394438,0.9574589127686473,0.0015012642225030737,0.9677722152690864,False
hgb_synth,optuna_tpe,6,40,200,26.05734312000004,0.9589601769911503,0.9555309734513273,0.0034292035398230114,0.9732051427921266,False
hgb_synth,optuna_tpe,7,40,200,17.02520906699999,0.9600505689001263,0.9549304677623262,0.004029709228824174,0.9690522243713734,False
hgb_synth,optuna_tpe,8,40,200,25.603333627999973,0.9596554993678887,0.9559734513274336,0.002986725663716716,0.9684833314370236,False
hgb_synth,optuna_tpe,9,40,200,22.327337818000046,0.9621997471554995,0.9549304677623262,0.004029709228824174,0.9690522243713734,False
hgb_synth,grid_search,-1,300,1500,130.07923269999986,0.9589601769911503,0.9589601769911503,0.0,0.9698771191261805,True
knn_housing,ags_default,0,18,90,1.1477171889999909,-0.3934874077933189,-0.38370858728939,0.0,-0.3363046557210284,True
knn_housing,ags_default,1,16,80,1.1560701770000605,-0.3844361320224301,-0.3905367143756647,0.006828127086274671,-0.3296681222212213,False
knn_housing,ags_default,2,13,65,0.8841642010000896,-0.38811661527446695,-0.38370858728939,0.0,-0.3363046557210284,True
knn_housing,ags_default,3,19,95,1.3002249969999866,-0.3863856700899181,-0.3905367143756647,0.006828127086274671,-0.3296681222212213,False
knn_housing,ags_default,4,17,85,1.2910738829999673,-0.3851271454805012,-0.38370858728939,0.0,-0.3363046557210284,True
knn_housing,ags_default,5,17,85,1.1239731179999808,-0.3869279072654008,-0.38370858728939,0.0,-0.3363046557210284,True
knn_housing,ags_default,6,13,65,0.9836323369999036,-0.38999801289675584,-0.3905367143756647,0.006828127086274671,-0.3296681222212213,False
knn_housing,ags_default,7,20,100,1.5150546520000034,-0.3797545406475244,-0.38370858728939,0.0,-0.3363046557210284,True
knn_housing,ags_default,8,16,80,1.064043897999909,-0.3868514260529584,-0.38370858728939,0.0,-0.3363046557210284,True
knn_housing,ags_default,9,19,95,1.2901512890000504,-0.3846331091511109,-0.3905367143756647,0.006828127086274671,-0.3296681222212213,False
knn_housing,ags_no_early_stop,0,24,117,1.4181338429999641,-0.3934874077933189,-0.38370858728939,0.0,-0.3363046557210284,True
knn_housing,ags_no_early_stop,1,24,120,1.8699963190000517,-0.3844361320224301,-0.3905367143756647,0.006828127086274671,-0.3296681222212213,False
knn_housing,ags_no_early_stop,2,24,111,1.568600726999989,-0.38811661527446695,-0.38370858728939,0.0,-0.3363046557210284,True
knn_housing,ags_no_early_stop,3,24,120,1.7216841939999767,-0.3863856700899181,-0.3905367143756647,0.006828127086274671,-0.3296681222212213,False
knn_housing,ags_no_early_stop,4,24,120,1.828709240999956,-0.3851271454805012,-0.38370858728939,0.0,-0.3363046557210284,True
knn_housing,ags_no_early_stop,5,24,109,1.4285276279999835,-0.3869279072654008,-0.38370858728939,0.0,-0.3363046557210284,True
knn_housing,ags_no_early_stop,6,24,102,1.5223077829999738,-0.38999801289675584,-0.3905367143756647,0.006828127086274671,-0.3296681222212213,False
knn_housing,ags_no_early_stop,7,24,119,1.7313248709999698,-0.3797545406475244,-0.38370858728939,0.0,-0.3363046557210284,True
knn_housing,ags_no_early_stop,8,24,111,1.5268962889999784,-0.3868514260529584,-0.38370858728939,0.0,-0.3363046557210284,True
knn_housing,ags_no_early_stop,9,24,118,1.6717402059999813,-0.3846331091511109,-0.3905367143756647,0.006828127086274671,-0.3296681222212213,False
knn_housing,ags_no_prune_no_stop,0,24,120,1.553427135999982,-0.3934874077933189,-0.38370858728939,0.0,-0.3363046557210284,True
knn_housing,ags_no_prune_no_stop,1,24,120,1.7034306699999888,-0.3844361320224301,-0.3905367143756647,0.006828127086274671,-0.3296681222212213,False
knn_housing,ags_no_prune_no_stop,2,24,120,1.66707541400001,-0.38811661527446695,-0.38370858728939,0.0,-0.3363046557210284,True
knn_housing,ags_no_prune_no_stop,3,24,120,1.6290255559999878,-0.3863856700899181,-0.3905367143756647,0.006828127086274671,-0.3296681222212213,False
knn_housing,ags_no_prune_no_stop,4,24,120,1.7079994370000122,-0.3851271454805012,-0.38370858728939,0.0,-0.3363046557210284,True
knn_housing,ags_no_prune_no_stop,5,24,120,1.556653522999909,-0.3869279072654008,-0.38370858728939,0.0,-0.3363046557210284,True
knn_housing,ags_no_prune_no_stop,6,24,120,1.641335572999992,-0.38999801289675584,-0.3905367143756647,0.006828127086274671,-0.3296681222212213,False
knn_housing,ags_no_prune_no_stop,7,24,120,1.7143116419999842,-0.3797545406475244,-0.38370858728939,0.0,-0.3363046557210284,True
knn_housing,ags_no_prune_no_stop,8,24,120,1.5661661320000348,-0.3868514260529584,-0.38370858728939,0.0,-0.3363046557210284,True
knn_housing,ags_no_prune_no_stop,9,24,120,1.6894296140000051,-0.3846331091511109,-0.3905367143756647,0.006828127086274671,-0.3296681222212213,False
knn_housing,ags_gp_no_stop,0,24,117,2.2365082979999897,-0.3934874077933189,-0.38370858728939,0.0,-0.3363046557210284,True
knn_housing,ags_gp_no_stop,1,24,120,2.5245660059999864,-0.3844361320224301,-0.3905367143756647,0.006828127086274671,-0.3296681222212213,False
knn_housing,ags_gp_no_stop,2,24,111,2.365793847000077,-0.38811661527446695,-0.38370858728939,0.0,-0.3363046557210284,True
knn_housing,ags_gp_no_stop,3,24,118,2.2046609579999767,-0.3863856700899181,-0.3905367143756647,0.006828127086274671,-0.3296681222212213,False
knn_housing,ags_gp_no_stop,4,24,120,2.390172846999917,-0.3851271454805012,-0.38370858728939,0.0,-0.3363046557210284,True
knn_housing,ags_gp_no_stop,5,24,109,2.5040091570000413,-0.3869279072654008,-0.38370858728939,0.0,-0.3363046557210284,True
knn_housing,ags_gp_no_stop,6,24,101,2.362153178999961,-0.38999801289675584,-0.3905367143756647,0.006828127086274671,-0.3296681222212213,False
knn_housing,ags_gp_no_stop,7,24,120,2.4621801209999603,-0.3797545406475244,-0.38370858728939,0.0,-0.3363046557210284,True
knn_housing,ags_gp_no_stop,8,24,111,1.9666885670000056,-0.3868514260529584,-0.38370858728939,0.0,-0.3363046557210284,True
knn_housing,ags_gp_no_stop,9,24,112,2.3648794399999815,-0.3846331091511109,-0.3905367143756647,0.006828127086274671,-0.3296681222212213,False
knn_housing,random,0,24,120,1.6715743219999695,-0.3934874077933189,-0.38370858728939,0.0,-0.3363046557210284,True
knn_housing,random,1,24,120,1.9008151020000241,-0.39238376445632916,-0.3905797487567478,0.006871161467357778,-0.34574375224915,False
knn_housing,random,2,24,120,2.0424615300000823,-0.3885024556956056,-0.3905367143756647,0.006828127086274671,-0.3296681222212213,False
knn_housing,random,3,24,120,1.8091409359999489,-0.3863856700899181,-0.3905367143756647,0.006828127086274671,-0.3296681222212213,False
knn_housing,random,4,24,120,1.9297721970000339,-0.3851271454805012,-0.38370858728939,0.0,-0.3363046557210284,True
knn_housing,random,5,24,120,1.69761840700005,-0.38989955783354946,-0.3905367143756647,0.006828127086274671,-0.3296681222212213,False
knn_housing,random,6,24,120,1.8705040099999906,-0.38999801289675584,-0.3905367143756647,0.006828127086274671,-0.3296681222212213,False
knn_housing,random,7,24,120,1.879254412000023,-0.3797545406475244,-0.38370858728939,0.0,-0.3363046557210284,True
knn_housing,random,8,24,120,1.6980301759999747,-0.3945151326192583,-0.3905797487567478,0.006871161467357778,-0.34574375224915,False
knn_housing,random,9,24,120,1.9466975650000222,-0.3846331091511109,-0.3905367143756647,0.006828127086274671,-0.3296681222212213,False
knn_housing,optuna_tpe,0,24,120,1.7100340750000669,-0.3934874077933189,-0.38370858728939,0.0,-0.3363046557210284,True
knn_housing,optuna_tpe,1,24,120,1.8686095220000425,-0.3844361320224301,-0.3905367143756647,0.006828127086274671,-0.3296681222212213,False
knn_housing,optuna_tpe,2,24,120,1.7241531990000567,-0.38811661527446695,-0.38370858728939,0.0,-0.3363046557210284,True
knn_housing,optuna_tpe,3,24,120,1.8863360760000205,-0.3863856700899181,-0.3905367143756647,0.006828127086274671,-0.3296681222212213,False
knn_housing,optuna_tpe,4,24,120,1.83934099399994,-0.3851271454805012,-0.38370858728939,0.0,-0.3363046557210284,True
knn_housing,optuna_tpe,5,24,120,1.9353870050000523,-0.3869279072654008,-0.38370858728939,0.0,-0.3363046557210284,True
knn_housing,optuna_tpe,6,24,120,1.8942398809999759,-0.38999801289675584,-0.3905367143756647,0.006828127086274671,-0.3296681222212213,False
knn_housing,optuna_tpe,7,24,120,1.917724196999984,-0.3797545406475244,-0.38370858728939,0.0,-0.3363046557210284,True
knn_housing,optuna_tpe,8,24,120,1.8762360109999463,-0.3868514260529584,-0.38370858728939,0.0,-0.3363046557210284,True
knn_housing,optuna_tpe,9,24,120,1.9096223299999338,-0.38479098791720834,-0.38370858728939,0.0,-0.3363046557210284,True
knn_housing,grid_search,-1,48,240,3.5455181200000516,-0.38370858728939,-0.38370858728939,0.0,-0.3363046557210284,True
